mysql> select faculty_name from faculty where gender='f';
+--------------+
| faculty_name |
+--------------+
| pavi         |
| satya        |
+--------------+
2 rows in set (0.00 sec)

mysql> select * from faculty where first_name like'%i%';
+--------------------+--------------+--------+---------------+--------------+------------+
| faculty_identifier | faculty_name | gender | date_of_birth | date_of_join | first_name |
+--------------------+--------------+--------+---------------+--------------+------------+
| 1                  | pavi         | f      |          1997 |         2019 | sriramdas  |
| 3                  | yuga         | m      |          1994 |         2019 | kamisetty  |
+--------------------+--------------+--------+---------------+--------------+------------+
2 rows in set (0.00 sec)